,aut_group_size,aut_group_size_exp,density,m,modularity,n,name,num_generators,num_orbits
0,6.96503009459,1812,1.49227144707e-06,1549970,0.993807478775,1441295,inf-belgium_osm.mtx,5986,1428034
1,1.92,2,0.0279069767442,4368,0.32643490705,560,EX2.mtx,4,8
2,1.0,0,0.868567841449,387416,0.00672398699094,945,frb45-21-2.mtx,0,945
3,1.0,0,0.883433784125,714129,0.00537334873707,1272,frb53-24-1.mtx,0,1272
4,3.03264,5,0.990147783251,70551,0.00110733791115,378,MANN-a27.mtx,6,2
5,4.49629262823,1251,0.000426403038902,24316,0.87756465743,10680,arenas-pgp.edges,2586,7944
6,2.35751312098,19475,0.000105539203713,85123,0.679029873882,40164,tech-internet-as.mtx,19476,20594
7,1.0,0,0.497559779277,121728,0.022110111805,700,p-hat700-2.mtx,0,700
8,1.0,0,0.64969649562,207643,0.0171121882714,800,brock800-4.mtx,0,800
9,1.0,0,0.744236236236,371746,0.011129371116,1000,p-hat1000-3.mtx,0,1000
10,1.0,0,0.891980088637,1048800,0.00478540722787,1534,frb59-26-4.mtx,0,1534
11,1.9063182799,139,0.16256281407,3235,0.604334307194,200,c-fat200-2.mtx,182,9
12,4.49629262823,1251,0.000426403038902,24316,0.877946730458,10680,tech-arenas-pgp.edges,2586,7944
13,1.0,0,0.00124336816066,6112,0.875143830222,3136,grid2_dual.mtx,0,3136
14,5.89824,5,0.00433447843779,482215,0.411054522502,14917,socfb-UCSB37.mtx,17,14900
15,1.0,0,0.856934331877,247157,0.00762815503492,760,frb40-19-2.mtx,0,760
16,1.0,0,0.496281407035,9876,0.0465687649576,200,brock200-2.mtx,0,200
17,4.27144084268,6173,0.000715069079367,2981,0.808704879309,2888,ego-facebook.edges,2853,35
18,1.0,0,0.000340178516138,48232,0.83558973788,16840,cti.mtx,0,16840
19,1.0,0,0.06,19176,0.0978593255954,800,G1.mtx,0,800
20,1.0,0,0.823865379856,83231,0.010972229193,450,frb30-15-5.mtx,0,450
21,1.0,0,0.000731646920019,24547,0.89570726539,8192,delaunay_n13.mtx,0,8192
22,1.0,0,0.747882205514,59681,0.0175164424798,400,brock400-3.mtx,0,400
23,2.0,0,0.00043907155267,7852,0.917784046571,5981,ukerbe1.mtx,1,3013
24,1.0,0,0.0600961538462,125,0.581344,65,GD96_c.mtx,0,65
25,1.0,0,0.744481605351,33390,0.0197768954502,300,p-hat300-3.mtx,0,300
26,5.185072754,152,0.000540302697335,6594,0.933958422511,4941,USpowerGrid.mtx,414,4466
27,1.0,0,0.696884422111,13868,0.0301377526198,200,sanr200-0-7.mtx,0,200
28,3.84,2,0.649122807018,9435,0.0511658801793,171,keller4.mtx,4,9
29,1.0,0,0.898451612903,6963,0.0147056509212,125,C125-9.mtx,0,125
30,4.32,2,0.927272727273,918,0.0108641737983,45,MANN-a9.mtx,4,2
31,1.2,4,0.00133377792598,6000,0.844645111111,3000,G49.mtx,4,1
32,1.0,0,0.01,19990,0.160839785826,2000,G24.mtx,0,2000
33,1.60753426374,4132,9.93644819467e-07,2441238,0.995439519824,2216688,inf-netherlands_osm.mtx,13638,2188012
34,1.0,0,0.253433844785,284923,0.0283673017135,1500,p-hat1500-1.mtx,0,1500
35,4.0,0,0.0840824960338,159,0.527728333531,62,soc-dolphins.mtx,2,60
36,1.0,0,0.0220307940753,97133,0.364945922816,2970,socfb-Smith60.mtx,0,2970
37,4.33458534058,12764,0.000871055593045,1311227,0.882050360582,54870,sc-nasasrb.mtx,29953,24917
38,1.0,0,0.9,17910,0.0113357328862,200,gen200-p0-9-44.mtx,0,200
39,1.0,0,1.144381531e-05,1572823,0.969919396167,524288,delaunay_n19.mtx,0,524288
40,1.0,0,0.501501501502,250500,0.357699305668,1000,san1000.mtx,0,1000
41,4.0,0,3.81469544663e-06,2097149,0.797707426736,1048576,debr.mtx,2,262656
42,1.0,0,0.00292300851856,6127,0.842844546432,2048,delaunay_n11.mtx,0,2048
43,1.0,0,0.000528660450484,32818,0.906894654371,11143,fe_4elt2.mtx,0,11143
44,1.572864,6,0.0114055753209,249959,0.395080634526,6621,socfb-CMU.mtx,20,6601
45,1.0,0,0.000102698782963,1074393,0.888001072846,144649,144.mtx,0,144649
46,1.0,0,0.651332916145,208166,0.017023887258,800,brock800-2.mtx,0,800
47,1.0,0,0.657738693467,13089,0.0314934917173,200,brock200-4.mtx,0,200
48,1.032192,7,0.96862745098,31616,0.00680875585147,256,hamming8-2.mtx,9,1
49,1.0,0,0.00126226692089,75488,0.787245468958,10937,wing_nodal.mtx,0,10937
50,3.145728,6,0.00408653564379,604867,0.383882599244,17206,socfb-UConn.mtx,21,17184
51,3.84,3,0.751546391753,225990,0.0387226541727,776,keller5.mtx,5,14
52,1.0,0,0.02,9990,0.165526502478,1000,G44.mtx,0,1000
53,1.0,0,0.00589194597299,11778,0.378100544398,2000,G35.mtx,0,2000
54,4.0,0,0.00125024404507,4092,0.928165900085,2559,diag.mtx,2,769
55,2.0,0,0.00203328074849,3538,0.885436875132,1866,ukerbe1_dual.mtx,1,933
56,1.0,0,0.00589544772386,11785,0.378576838704,2000,G37.mtx,0,2000
57,1.0,0,0.749197994987,59786,0.0182304247016,400,brock400-2.mtx,0,400
58,1.75099953512,19,0.00846808029067,568309,0.374166036855,11586,socfb-Stanford3.mtx,59,11527
59,1.528823808,9,0.0085002136359,5451,0.542997686465,1133,email.mtx,27,1106
60,6.15620260088,482,0.000935752668811,25569,0.419621101159,7393,bio-dmela.mtx,1051,6326
61,5.185072754,152,0.000540302697335,6594,0.9329995863,4941,power.mtx,414,4466
62,1.0,0,0.841943241943,148784,0.00891537095817,595,frb35-17-3.mtx,0,595
63,6.4,1,0.027027027027,168,0.5234375,112,GD98_c.mtx,3,6
64,1.0,0,0.501052631579,39984,0.03235084206,400,sanr400-0-5.mtx,0,400
65,1.0,0,0.00169244585961,41459,0.38546478688,7000,G63.mtx,0,7000
66,4.8,2,0.139037433155,78,0.418803418803,34,soc-karate.mtx,6,27
67,1.0,0,0.0118438438438,5916,0.369127470181,1000,G52.mtx,0,1000
68,1.0,0,4.57720597877e-05,393176,0.954507853775,131072,delaunay_n17.mtx,0,131072
69,1.1385650046,215312,6.12710499734e-05,1817934,0.308042497177,243600,flickr-links.edges,121571,122024
70,1.0,0,0.00123212688698,13722,0.888560337606,4720,3elt.mtx,0,4720
71,1.6777216,7,0.00294402782723,835946,0.385662485189,23831,socfb-Wisconsin87.mtx,24,23807
72,1.32367215422,17086,4.91788092925e-05,950327,0.688517931483,196591,soc-gowalla.mtx,20952,174824
73,1.0,0,0.842446877741,148873,0.00929752024645,595,frb35-17-4.mtx,0,595
74,1.0,0,0.000161032213225,46414,0.936479465168,24010,stufe-10.mtx,0,24010
75,6.42648324065,12494,1.65138340365e-05,925872,0.917798761216,334863,com-amazon.edges,32098,302387
76,3.68680710835,454,0.000406564441352,816886,0.606411906913,63392,socfb-OR.mtx,1257,62126
77,1.0,0,0.00589244622311,11779,0.376502031524,2000,G38.mtx,0,2000
78,1.0,0,0.01,19990,0.159964064073,2000,G26.mtx,0,2000
79,3.84,2,0.0127209176474,266378,0.386785607567,6472,socfb-William77.mtx,8,6464
80,8.192,3,5.76454870365e-05,69632,0.879783680695,49152,cca.mtx,12,6
81,1.0,0,0.06,19176,0.0976893656421,800,G2.mtx,0,800
82,2.26049483088,35904,0.000103448557515,54397,0.719873656731,32430,ia-email-EU.mtx,26170,6259
83,1.0,0,0.9,71820,0.0125199769784,400,gen400-p0-9-65.mtx,0,400
84,1.0,0,0.9,17910,0.0351796188586,200,san200-0-9-2.mtx,0,200
85,8.0,0,0.047619047619,166,0.543946871825,84,GD97_a.mtx,2,12
86,1.0,0,0.748048232168,183010,0.0131682416441,700,p-hat700-3.mtx,0,700
87,4.0,0,0.179435483871,89,0.320161595758,32,opsahl-southernwomen.edges,2,30
88,4.74758311204,31831,3.15102975071e-05,814134,0.890568799018,227320,ca-citeseer.mtx,70023,155592
89,4.8,1,0.000366143891823,49152,0.899965840081,16386,fe-sphere.mtx,3,374
90,3.59809637711,21574,0.000531098605391,2093195,0.303444975593,88784,soc-BlogCatalog.mtx,19200,69581
91,1.0,0,0.823499133878,83194,0.0114609298695,450,frb30-15-4.mtx,0,450
92,6.21406232979,369,0.0732585170341,9139,0.732490545737,500,c-fat500-2.mtx,460,20
93,9.58081898798,86794,2.72676656404e-05,327162,0.58473296395,154908,soc-douban.mtx,95398,59493
94,6.16013897972,245,0.0357434869739,4459,0.805462553063,500,c-fat500-1.mtx,420,40
95,1.0,0,0.0145838548185,4661,0.364515249561,800,G15.mtx,0,800
96,1.0,0,0.01,19990,0.162006803802,2000,G25.mtx,0,2000
97,4.25246164766,41956,8.50319118484e-05,360767,0.386697374933,92117,ia-wiki-Talk.mtx,41064,50952
98,1.0,0,0.00620216625619,1171,0.796276511569,615,netz4504_dual.mtx,0,615
99,1.0,0,0.9,71820,0.0147005624577,400,gen400-p0-9-75.mtx,0,400
100,1.0,0,0.000186896911686,366559,0.897458113071,62631,brack2.mtx,0,62631
101,1.86826969196,202501,1.57466804785e-05,3214986,0.364847329414,639014,soc-FourSquare.mtx,274567,364447
102,1.0,0,0.878858742952,580640,0.00580049722348,1150,frb50-23-5.mtx,0,1150
103,1.0,0,0.00690349489429,147840,0.328206104869,6545,EX6.mtx,0,6545
104,1.0,0,0.0807692307692,441,0.512438233041,105,polbooks.mtx,0,105
105,1.0,0,0.500158539635,4000268,0.0105011902297,4000,C4000-5.mtx,0,4000
106,2.0,0,0.00371503996751,15093,0.850749277271,2851,data.mtx,1,2850
107,1.0,0,0.867307864765,386854,0.00667838909136,945,frb45-21-1.mtx,0,945
108,5.185072754,152,0.000540302697335,6594,0.931940959001,4941,inf-power.mtx,414,4466
109,1.0,0,0.9,71820,0.0439655246753,400,san400-0-9-1.mtx,0,400
110,1.08793570416,13438,0.000152321485908,53381,0.665066893964,26475,as-caida20071105.edges,13153,13252
111,2.0,0,0.0106194690265,35880,0.318622733216,2600,EX4.mtx,1,1340
112,2.0,0,0.0683719433719,425,0.290195155709,112,fs-adjnoun_adj_copperfield.edges,1,111
113,1.0,0,0.892770181602,1049729,0.00468564741753,1534,frb59-26-3.mtx,0,1534
114,1.0,0,0.7,55860,0.168168037703,400,san400-0-7-2.mtx,0,400
115,1.0,0,0.897638190955,17863,0.0123926667733,200,sanr200-0-9.mtx,0,200
116,1.0,0,0.649264705882,207505,0.0171639497373,800,brock800-1.mtx,0,800
117,1.0,0,4.96814363974e-05,89440,0.951254352015,60005,t60k.mtx,0,60005
118,1.0,0,0.00583455522972,3056,0.806560585476,1024,delaunay_n10.mtx,0,1024
119,7.44761059771,46073,4.5365923089e-05,334419,0.99056663293,121422,web-sk-2005.mtx,53107,34124
120,1.0,0,0.0146871088861,4694,0.36443760349,800,G14.mtx,0,800
121,1.0,0,0.89270129298,1049648,0.00481045617748,1534,frb59-26-2.mtx,0,1534
122,4.0,0,0.0840824960338,159,0.518294371267,62,dolphins.mtx,2,60
123,1.0,0,0.892855229284,1049829,0.00472419005488,1534,frb59-26-5.mtx,0,1534
124,1.0,0,2.28872231637e-05,786396,0.963033733117,262144,delaunay_n18.mtx,0,262144
125,1.0,0,0.883435021204,714130,0.005366663324,1272,frb53-24-5.mtx,0,1272
126,1.0,0,3.98165074433e-05,409593,0.907245148019,143437,fe-ocean.mtx,0,143437
127,1.1145092131,5060,0.000132294485797,212945,0.668662883448,56739,soc-brightkite.mtx,9531,47024
128,9.8304,4,6.10363980387e-05,73728,0.783590166933,49152,ccc.mtx,4,1
129,1.0,0,0.823538728038,83198,0.0110219033933,450,frb30-15-1.mtx,0,450
130,1.0,0,0.0118298298298,5909,0.368421081272,1000,G51.mtx,0,1000
131,1.0,0,0.244750750751,122253,0.0351424819851,1000,p-hat1000-1.mtx,0,1000
132,1.0,0,0.0118438438438,5916,0.367795877123,1000,G54.mtx,0,1000
133,1.32367215422,17086,4.91788092925e-05,950327,0.68714051672,196591,loc-gowalla_edges.edges,20952,174824
134,1.0,0,0.000366009759545,49122,0.914942230194,16384,delaunay_n14.mtx,0,16384
135,1.92,2,0.0237132365293,151747,0.374564186167,3578,socfb-Santa74.mtx,6,3572
136,1.0,0,0.7,55860,0.180272108844,400,san400-0-7-1.mtx,0,400
137,3.46423817668,212,0.425778894472,8473,0.363897343941,200,c-fat200-5.mtx,193,4
138,4.8,1,0.000366143891823,49152,0.900020341078,16386,fe_sphere.mtx,3,374
139,1.0,0,0.00022015626877,35596,0.919783537539,17983,L-9.mtx,0,17983
140,1.28,2,0.140593754807,2742,0.434155777619,198,tech-arenas-jazz.edges,7,191
141,1.28792754195,29719,1.4828909557e-05,820644,0.786353530412,332689,ca-MathSciNet.mtx,71082,259937
142,1.57960865151,113725,0.000130567906837,1747269,0.996619400934,163598,web-arabic-2005.mtx,111439,43791
143,7.59982437119,15,0.00325110591012,852419,0.379413363475,22900,socfb-Berkeley13.mtx,51,22849
144,4.032,4,0.555555555556,210,0.0544217687075,28,johnson8-2-4.mtx,6,1
145,4.8,2,0.139037433155,78,0.418803418803,34,karate.mtx,6,27
146,3.26161683205,578062,8.70978980363e-06,713319,0.656050378031,404719,soc-twitter-follows.mtx,318127,86590
147,2.0,0,0.0150509074812,476,0.713288256479,252,grid1.mtx,1,137
148,1.0,0,0.000148126512457,30043,0.940078896379,20141,crack_dual.mtx,0,20141
149,1.2,4,0.00133377792598,6000,0.846594444444,3000,G48.mtx,4,1
150,4.0,0,0.179435483871,89,0.334490594622,32,ia-southernwomen.edges,2,30
151,1.0,0,0.855748561126,246815,0.00767093118004,760,frb40-19-4.mtx,0,760
152,1.0,0,0.856757506414,247106,0.00784370814036,760,frb40-19-1.mtx,0,760
153,3.4872608503,24589,0.000724290222482,3260967,0.878092842638,94893,sc-pkustk13.mtx,63021,31872
154,3.91378894848,11,0.00266670749757,1264421,0.432039849671,30795,socfb-UIllinois.mtx,34,30761
155,1.0,0,0.500168084042,999836,0.0147607063092,2000,C2000-5.mtx,0,2000
156,4.0,0,7.28048576778e-05,1679018,0.90497474426,214765,m14b.mtx,2,214763
157,1.0,0,0.00690349489429,147840,0.327496964313,6545,EX5.mtx,0,6545
158,2.0,0,0.0253276562677,119161,0.342219236257,3068,socfb-Vassar85.mtx,1,3067
159,2.415919104,9,0.0103668308576,506437,0.440803011217,9885,socfb-Duke14.mtx,29,9856
160,5.69986827839,16,0.00157920446175,1362220,0.443880385071,41536,socfb-Penn94.mtx,50,41486
161,4.608,4,0.904761904762,1824,0.0406301398026,64,hamming6-2.mtx,6,2
162,1.0,0,0.9,71820,0.00889421312339,400,gen400-p0-9-55.mtx,0,400
163,1.0,0,0.9,17910,0.0123602284641,200,gen200-p0-9-55.mtx,0,200
164,1.0,0,0.883557491996,714229,0.00552265501774,1272,frb53-24-3.mtx,0,1272
165,1.0,0,0.900216108054,1799532,0.00458962791184,2000,C2000-9.mtx,0,2000
166,1.0,0,0.000183055175796,98274,0.931095786126,32768,delaunay_n15.mtx,0,32768
167,1.0,0,0.7,55860,0.142581659862,400,san400-0-7-3.mtx,0,400
168,2.0,0,0.0683719433719,425,0.282341868512,112,adjnoun_adjacency.edges,1,111
169,1.0,0,0.753608183233,847244,0.00918300239167,1500,p-hat1500-3.mtx,0,1500
170,4.831838208,9,0.0122613417411,251230,0.353414574358,6402,socfb-MIT.mtx,31,6371
171,4.76092780764,7560,3.20892852525e-05,1156647,0.779192407607,268495,citationCiteseer.mtx,17457,250819
172,2.0,0,0.0250211277988,204850,0.362550210555,4047,socfb-Howard90.mtx,1,4046
173,9.16174519552,548,0.185899799599,23191,0.577666942115,500,c-fat500-5.mtx,484,8
174,2.0922789888,13,0.764705882353,5460,0.00793345543346,120,johnson16-2-4.mtx,14,1
175,8.76655679459,33586,2.08846661643e-05,1049866,0.806406795688,317080,ca-dblp-2012.mtx,81681,233466
176,4.62416022633,655,0.00203793275606,56943,0.570105015889,7476,tech-WHOIS.mtx,1117,6354
177,1.0,0,0.751903807615,93800,0.0152230815917,500,p-hat500-3.mtx,0,500
178,1.207959552,9,0.002954328046,1305757,0.401058269083,29732,socfb-Indiana.mtx,29,29703
179,2.0,0,0.0168161434978,420,0.71093537415,224,grid1_dual.mtx,1,112
180,1.0,0,0.877623642487,579824,0.00580399692696,1150,frb50-23-2.mtx,0,1150
181,6.75233329846,31881,2.18619760196e-05,977676,0.811325449369,299067,coAuthorsDBLP.mtx,77404,219815
182,7.99843196778,88,0.0770854271357,1534,0.712255158604,200,c-fat200-1.mtx,163,19
183,8.0,0,0.0210974860034,89912,0.331885508003,2920,socfb-Oberlin44.mtx,3,2917
184,1.0,0,0.748934837093,59765,0.0178452880883,400,brock400-4.mtx,0,400
185,1.0,0,0.000178538779138,42038,0.934773753325,21701,biplane-9.mtx,0,21701
186,1.0,0,0.500152152152,249826,0.0206860139989,1000,DSJC1000-5.mtx,0,1000
187,1.0,0,0.900456913828,112332,0.00847825186214,500,C500-9.mtx,0,500
188,1.152,3,0.0279069767442,4368,0.349315891297,560,EX1.mtx,5,4
189,7.00437864258,351,0.00140985395141,6474,0.952211008908,3031,web-edu.mtx,432,790
190,1.0,0,0.0364326786154,90954,0.407418882053,2235,socfb-Amherst41.mtx,0,2235
191,2.0,0,0.106719367589,27,0.5219478738,23,bio-MUTAG-g1.edges,1,22
192,4.85671285619,7282,7.5567167161e-05,147878,0.472045194949,62561,tech-p2p-gnutella.mtx,16468,46093
193,1.0,0,0.02,9990,0.166156481807,1000,G43.mtx,0,1000
194,1.08793570416,13438,0.000152321485908,53381,0.665919725136,26475,tech-as-caida2007.mtx,13153,13252
195,1.0,0,0.000120498095706,741934,0.887888819347,110971,598a.mtx,0,110971
196,1.0,0,0.7,13930,0.165203762119,200,san200-0-7-1.mtx,0,200
197,2.8426960573,9652,0.000456611248147,4616,0.628585951321,4497,rt_islam.edges,4078,380
198,1.0,0,0.00348422957119,1868,0.828089105824,1036,stufe.mtx,0,1036
199,1.0,0,0.000148265162532,452591,0.884973819088,78136,fe_tooth.mtx,0,78136
200,4.22399780053,94,1.82239663084e-05,119666,0.988051126093,114599,luxembourg_osm.mtx,312,113810
201,1.0,0,0.9,17910,0.023549721746,200,san200-0-9-3.mtx,0,200
202,6.4,1,0.00490590516847,485564,0.423510032766,14070,socfb-JMU79.mtx,6,14064
203,1.0,0,0.878521209369,580417,0.00572242379933,1150,frb50-23-4.mtx,0,1150
204,1.621069632,9,0.0383561643836,2562,0.154163627289,366,cage.mtx,8,1
205,1.0,0,0.901059059059,450079,0.00613688454671,1000,C1000-9.mtx,0,1000
206,1.0,0,0.748408521303,59723,0.0179931944959,400,brock400-1.mtx,0,400
207,1.0,0,9.15387643232e-05,196575,0.944475307995,65536,delaunay_n16.mtx,0,65536
208,1.0,0,0.490088088088,244799,0.0190134296547,1000,p-hat1000-2.mtx,0,1000
209,1.0,0,0.883357085245,714067,0.00530741171126,1272,frb53-24-2.mtx,0,1272
210,1.0,0,0.00398694385419,1820,0.811130298273,956,L.mtx,0,956
211,3.7158912,9,0.990224828935,518656,0.00208711577074,1024,hamming10-2.mtx,10,2
212,1.0,0,0.745427135678,14834,0.0255165910591,200,brock200-1.mtx,0,200
213,6.82724298484,3909,0.000738118682371,47606,0.941601116863,11358,web-indochina-2004.mtx,5904,3424
214,1.28,2,0.140593754807,2742,0.436519061353,198,arenas-jazz.edges,7,191
215,1.0,0,0.7,13930,0.095331212003,200,san200-0-7-2.mtx,0,200
216,1.0,0,0.000173289277392,43858,0.866809498006,22499,cs4.mtx,0,22499
217,1.27677049436,20,0.0376237623762,190,0.380304709141,101,GD06_theory.mtx,46,3
218,1.0,0,0.00135912030664,12289,0.889379297528,4253,airfoil1.mtx,0,4253
219,1.0,0,0.840743570155,148572,0.00918602767807,595,frb35-17-5.mtx,0,595
220,1.0,0,0.0215240991933,94899,0.3337084744,2970,socfb-Wellesley22.mtx,0,2970
221,1.0,0,0.605427135678,12048,0.0358305496749,200,brock200-3.mtx,0,200
222,4.608,4,0.349206349206,704,0.227272727273,64,hamming6-4.mtx,5,2
223,1.0,0,0.5,39900,0.323892049673,400,san400-0-5-1.mtx,0,400
224,1.0,0,0.00146233974359,12264,0.872835567344,4096,delaunay_n12.mtx,0,4096
225,1.0,0,0.000133508244704,662431,0.896926347086,99617,fe_rotor.mtx,0,99617
226,1.0,0,0.504577154309,62946,0.0262573732934,500,p-hat500-2.mtx,0,500
227,1.0,0,0.501995991984,62624,0.029690011981,500,DSJC500-5.mtx,0,500
228,4.0,0,9.1551803024e-05,49150,0.780810252833,32768,se.mtx,2,8256
229,1.0,0,0.0909863945578,107,0.584548868897,49,inf-contiguous-usa.edges,0,49
230,3.3631393422,2037,2.98246576291e-05,125704,0.989486119761,91813,rec-amazon.mtx,6427,84851
231,1.0,0,6.31740841204e-05,121544,0.891514705333,62032,wing.mtx,0,62032
232,1.0,0,0.857516815755,247325,0.0078388991993,760,frb40-19-3.mtx,0,760
233,1.0,0,0.000528660450484,32818,0.90736565024,11143,fe-4elt2.mtx,0,11143
234,1.0,0,0.253058116232,31569,0.0499147592817,500,p-hat500-1.mtx,0,500
235,4.22399780053,94,1.82239663084e-05,119666,0.987876024104,114599,inf-luxembourg_osm.mtx,312,113810
236,1.28,2,0.000587720736974,6837,0.924443094127,4824,uk.mtx,7,4815
237,1.0,0,0.06,19176,0.0976202517218,800,G3.mtx,0,800
238,2.64932861394,15297,0.000198417050125,25593,0.934896189857,16062,web-webbase-2001.mtx,11658,3574
239,3.59784840191,261501,2.778578186e-05,276042,0.591301077023,140959,com-youtube.edges,116625,24333
240,1.0,0,0.249331698345,60999,0.042283953534,700,p-hat700-1.mtx,0,700
241,1.6,1,0.00572370642864,973918,0.345059680842,18448,socfb-Auburn71.mtx,4,18444
242,1.0,0,0.02,9990,0.166925574223,1000,G47.mtx,0,1000
243,1.0,0,0.01,19990,0.161076905386,2000,G22.mtx,0,2000
244,1.0,0,0.02,9990,0.165609177746,1000,G45.mtx,0,1000
245,1.0,0,0.00588594297149,11766,0.381918546711,2000,G36.mtx,0,2000
246,1.0,0,9.80787561606e-05,44929,0.946569694415,30269,big_dual.mtx,0,30269
247,1.0,0,0.883333580749,714048,0.00541735042772,1272,frb53-24-4.mtx,0,1272
248,1.0,0,0.06,19176,0.0971464986349,800,G4.mtx,0,800
249,1.2,4,0.00133377792598,6000,0.846238888889,3000,G50.mtx,4,1
250,1.0,0,0.869417541028,387795,0.00655557203476,945,frb45-21-3.mtx,0,945
251,1.08793570416,13438,0.000152321485908,53381,0.663845029102,26475,tech-as-caida20071105.edges,13153,13252
252,1.0,0,0.01,19990,0.15966997756,2000,G23.mtx,0,2000
253,1.0,0,0.506079608628,568960,0.0148453071266,1500,p-hat1500-2.mtx,0,1500
254,1.0,0,0.000107165773456,71290,0.939796409832,36476,shock-9.mtx,0,36476
255,3.01417887575,9994,0.000146104621566,358647,0.334660181504,70068,soc-slashdot.mtx,14509,55344
256,1.0,0,0.00118449548448,6432,0.877305162233,3296,grid2.mtx,0,3296
257,1.0,0,0.0118398398398,5914,0.3757032801,1000,G53.mtx,0,1000
258,1.0,0,0.0146026282854,4667,0.373413729807,800,G17.mtx,0,800
259,1.0,0,0.892367906067,1049256,0.00480418917721,1534,frb59-26-1.mtx,0,1534
260,1.0,0,0.823716901757,83216,0.0111032826481,450,frb30-15-3.mtx,0,450
261,1.0,0,0.648726533166,207333,0.0165251293883,800,brock800-3.mtx,0,800
262,1.0,0,0.842367654132,148859,0.00923101246159,595,frb35-17-1.mtx,0,595
263,1.0,0,0.0570374305446,59589,0.302792464118,1446,socfb-Haverford76.mtx,0,1446
264,6.69726697449,181,0.0032901220369,37375,0.474292345186,4767,web-spam.mtx,386,4377
265,2.2863633674,26554,2.79525314086e-05,716460,0.846405377867,226413,ca-dblp-2010.mtx,62777,162252
266,1.0,0,0.842418583595,148868,0.00917065285398,595,frb35-17-2.mtx,0,595
267,1.0,0,0.06,19176,0.0980577937321,800,G5.mtx,0,800
268,9.27712935936,11,0.00357444656929,747604,0.399664182634,20453,socfb-UCLA.mtx,38,20415
269,9.8304,4,8.13818640516e-05,98304,0.75170272506,49152,bfly.mtx,3,1
270,8.064,4,0.768115942029,1855,0.0266153253754,70,johnson8-4-4.mtx,6,1
271,1.0,0,0.000579509107335,30380,0.898544535294,10240,crack.mtx,0,10240
272,1.0,0,0.00134146468378,2578,0.86574477542,1961,netz4504.mtx,0,1961
273,1.0,0,0.868668729262,387461,0.00664604270906,945,frb45-21-5.mtx,0,945
274,1.6,1,0.0328185905201,111996,0.431115741813,2613,socfb-Trinity100.mtx,4,2609
275,1.0,0,0.000327888283883,13278,0.921435426178,9000,3elt_dual.mtx,0,9000
276,2.63130836934,35,0.878787878788,107880,0.00185092157355,496,johnson32-2-4.mtx,30,1
277,1.0,0,0.878802739622,580603,0.00592332346442,1150,frb50-23-1.mtx,0,1150
278,8.0,0,0.0255828761731,155043,0.453662803788,3482,socfb-Colgate88.mtx,3,3479
279,1.06361828165,11153,0.000183721476815,48436,0.661116975342,22963,as-22july06.mtx,10980,11934
280,1.0,0,0.855700020803,246801,0.00765422970529,760,frb40-19-5.mtx,0,760
281,3.7158912,9,0.828934506354,434176,0.0472358847564,1024,hamming10-4.mtx,10,2
282,2.0,0,8.67065751785e-05,1059331,0.874985494531,156317,wave.mtx,1,156316
283,5.24288,5,0.00237786626181,1465654,0.39950590151,35111,socfb-UF.mtx,19,35092
284,4.0,0,0.229419703104,170,0.259792387543,39,chesapeake.mtx,2,37
285,1.0,0,0.0003660838796,11813,0.922771321533,8034,airfoil1_dual.mtx,0,8034
286,1.0,0,3.98165074433e-05,409593,0.906406725257,143437,fe_ocean.mtx,0,143437
287,1.0,0,0.899084337349,27984,0.011046923106,250,C250-9.mtx,0,250
288,5.70006081615,298296,9.50527157587e-06,1365961,0.732673717856,536108,soc-delicious.mtx,268297,263945
289,3.84839510978,14520,0.000318501171125,180811,0.593637207003,33696,ia-enron-large.mtx,13217,20180
290,1.0,0,0.0909863945578,107,0.596995370775,49,contiguous-usa.edges,0,49
291,1.0,0,0.02,9990,0.16473634295,1000,G46.mtx,0,1000
292,1.0,0,0.700112781955,55869,0.0206460297327,400,sanr400-0-7.mtx,0,400
293,5.52139707743,70,2.03548273487e-05,161950,0.977541462309,126146,usroads-48.mtx,235,125793
294,1.0,0,0.00236607321464,29570,0.386052855556,5000,G58.mtx,0,5000
295,1.0,0,0.0146182728411,4672,0.368435714186,800,G16.mtx,0,800
296,4.8,2,0.139037433155,78,0.403024326101,34,ucidata-zachary.edges,6,27
297,3.03084121699,691,0.373763527054,46627,0.412225092222,500,c-fat500-10.mtx,492,4
298,1.032192,7,0.639215686275,20864,0.0992313689249,256,hamming8-4.mtx,9,1
299,1.0,0,0.823073496659,83151,0.0113219985674,450,frb30-15-2.mtx,0,450
300,1.0,0,0.9,17910,0.0300184323192,200,san200-0-9-1.mtx,0,200
301,1.0,0,0.000148265162532,452591,0.88524226742,78136,fe-tooth.mtx,0,78136
302,2.0,0,0.0683719433719,425,0.288102422145,112,adjnoun.mtx,1,111
303,5.185072754,152,0.000540302697335,6594,0.93280660473,4941,opsahl-powergrid.edges,414,4466
304,4.74758311204,31831,3.15102975071e-05,814134,0.890346977464,227320,coAuthorsCiteseer.mtx,70023,155592
305,6.54549501896,20197,3.33412309102e-05,607610,0.850691309427,190914,tech-RL-caida.mtx,38942,150057
306,3.02983623173,18,0.0080562476194,6451,0.286242105417,1266,ia-fb-messages.mtx,49,1217
307,8.76655679459,33586,2.08846661643e-05,1049866,0.806569715039,317080,com-dblp.edges,81681,233466
308,1.0,0,0.868735987804,387491,0.00660266047881,945,frb45-21-4.mtx,0,945
309,1.0,0,0.877295190525,579607,0.0060202410945,1150,frb50-23-3.mtx,0,1150
310,4.27144084268,6173,0.000715069079367,2981,0.808721759109,2888,socfb-nips-ego.edges,2853,35
311,3.6,2,0.996299722479,533115,0.000344489413483,1035,MANN-a45.mtx,3,8
312,1.0,0,5.72197495778e-06,3145686,0.975542323756,1048576,delaunay_n20.mtx,0,1048576
313,1.22118801635,504042,4.63926071324e-06,2987624,0.708268987891,1134890,soc-youtube-snap.mtx,435974,684010
314,4.608,4,0.818190802057,4619898,0.0309133070409,3361,keller6.mtx,6,20
315,3.26229596447,671985,3.68119454249e-06,2278852,0.661296409297,1112702,rt-retweet-crawl.mtx,695041,416988
316,2.36325971603,7757,0.000404727529309,2193083,0.318087318049,104103,soc-LiveMocha.mtx,6459,97644
317,1.30237494757,11228,1.44147366852e-06,2760388,0.991508500196,1957027,inf-roadNet-CA.mtx,36430,1917379
318,5.47311344733,121822,2.41551203165e-05,3190452,0.653272801817,513969,soc-flickr.mtx,182708,329945
319,1.43043011918,6080,2.60657255942e-06,1541514,0.988296036468,1087562,inf-roadNet-PA.mtx,19782,1066609
320,1.811939328,9,0.002405877682,1590651,0.324290965772,36364,socfb-Texas84.mtx,29,36335
321,3.1918429752,69682,0.000539985561717,2763066,0.279487200423,101163,soc-buzznet.mtx,23569,77588
322,1.60753426374,4132,9.93644819467e-07,2441238,0.995457527399,2216688,netherlands_osm.mtx,13638,2188012
323,1.47061741605,61619,0.00064937384933,7494215,0.85449864754,151926,pkustk14.mtx,117805,34108
324,1.67291062417,537337,6.36347010835e-06,4519330,0.560013354413,1191805,soc-lastfm.mtx,515622,675955
325,4.70093487493,406574,5.53410165414e-05,7178413,0.994785221929,509338,web-it-2004.mtx,425613,60475
326,1.44633738158,400685,1.98849704368e-05,5907132,0.517250035112,770799,soc-digg.mtx,325599,445134
327,1.96515072,9,0.998824566559,5506380,9.67944391661e-05,3321,MANN-a81.mtx,8,2
328,6.48998715295,1052,0.203404882147,4714485,0.1424257186,6809,scc_reality.mtx,1999,4810
329,1.0,0,0.928385346337,7425226,0.0027906603428,4000,frb100-40.mtx,0,4000
330,9.27816817345,375703,2.59331084688e-06,4507315,0.832817776349,1864433,web-wikipedia2009.mtx,446981,1405427
331,3.2,1,3.2927675321e-05,3314611,0.905018585516,448695,auto.mtx,5,227133
332,2.68394578298,1777026,2.48726591594e-06,7918801,0.564979236386,2523386,soc-flixster.mtx,1474767,1047509
333,1.72006079282,180275,0.000104378270558,15245729,0.846167416278,540486,co-papers-dblp.mtx,285692,254385
334,7.3616735956,198710,0.000170201337724,16036720,0.912914024615,434102,co-papers-citeseer.mtx,283427,150315
335,3.94967812926,230509,0.00139774117038,11744049,0.997619194894,129632,web-uk-2005.mtx,127008,390
336,1.72006079282,180275,0.000104378270558,15245729,0.84577931224,540486,ca-coauthors-dblp.mtx,285692,254385
337,2.37420724181,3804,3.13760068679e-07,7013978,0.997706167887,6686493,inf-italy_osm.mtx,12490,6658043
338,3.11616531679,258835,7.72652101188e-06,11094209,0.835511705023,1694616,tech-as-skitter.mtx,319737,1360452
339,2.35299401349,29691,2.727385034e-07,8156517,0.997298236958,7733822,inf-great-britain_osm.mtx,97049,7580276
340,1.0,0,6.53469546559e-07,6879133,0.98817329488,4588484,hugetrace-00000.mtx,0,4588484
341,1.0,0,5.1486596809e-07,8733523,0.988934138737,5824554,hugetric-00000.mtx,0,5824554
342,1.0,0,4.5489279981e-07,9885854,0.989229912887,6592765,hugetric-00010.mtx,0,6592765
343,1.0,0,1.43050692713e-06,12582869,0.983917584658,4194304,delaunay_n22.mtx,0,4194304
344,1.0,0,4.21048747536e-07,10680777,0.989465560996,7122792,hugetric-00020.mtx,0,7122792
345,1.0,0,9.93414031948e-07,8054237,0.984184623228,4026819,venturiLevel3.mtx,0,4026819
346,2.37420724181,3804,3.13760068679e-07,7013978,0.99771002736,6686493,italy_osm.mtx,12490,6658043
347,2.35299401349,29691,2.727385034e-07,8156517,0.997307596524,7733822,great-britain_osm.mtx,97049,7580276
348,1.56976523481,110447,1.57476567097e-05,1936748,0.664857669178,495957,soc-youtube.mtx,110326,382813
349,5.43554830933,20393,1.85478627141e-07,12369181,0.997698590806,11548845,germany_osm.mtx,67228,11411919
350,5.43554830933,20393,1.85478627141e-07,12369181,0.997697106224,11548845,inf-germany_osm.mtx,67228,11411919
351,5.74204580814,2517006,4.01004128653e-06,17846116,0.637176340163,2983407,orkut-links.edges,1373982,1609423
352,1.0,0,7.15254685701e-07,25165784,0.986955343601,8388608,delaunay_n23.mtx,0,8388608
353,3.23358984864,8871,1.78008000218e-07,12711603,0.998674664153,11950757,inf-asia_osm.mtx,28984,11889736
354,1.0,0,7.15254685701e-07,25165784,0.986949259548,8388608,sc-delaunay_n23.mtx,0,8388608
355,1.0,0,0.241830065359,37,0.446676406136,18,ENZYMES_g582.edges,0,18
356,2.0,0,0.102206736353,88,0.56385588843,42,ENZYMES_g178.edges,1,41
357,1.28,2,0.128078817734,52,0.583025147929,29,ENZYMES_g249.edges,7,20
358,4.0,0,0.199134199134,46,0.542769376181,22,ENZYMES_g433.edges,2,20
359,8.0,0,0.154150197628,39,0.639381985536,23,ENZYMES_g9.edges,3,20
360,1.0,0,0.102822580645,51,0.524221453287,32,ENZYMES_g134.edges,0,32
361,2.0,0,0.173789173789,61,0.463988175222,27,ENZYMES_g205.edges,1,26
362,2.0,0,0.132132132132,88,0.578641528926,37,ENZYMES_g514.edges,1,36
363,8.0,0,0.142857142857,54,0.652091906722,28,ENZYMES_g337.edges,3,25
364,8.0,0,0.0239035087719,109,0.767738405858,96,ENZYMES_g293.edges,3,88
365,8.0,0,0.363636363636,24,0.374131944444,12,ENZYMES_g481.edges,3,9
366,4.0,0,0.118618618619,79,0.626982855312,37,ENZYMES_g91.edges,2,35
367,1.6,1,0.363636363636,24,0.415798611111,12,ENZYMES_g476.edges,4,8
368,1.2,1,0.164021164021,62,0.546956295525,28,ENZYMES_g244.edges,3,25
369,4.0,0,0.210526315789,40,0.5184375,20,ENZYMES_g79.edges,2,18
370,4.0,0,0.137096774194,68,0.586721453287,32,ENZYMES_g230.edges,2,30
371,8.0,0,0.119540229885,52,0.585983727811,30,ENZYMES_g371.edges,3,26
372,4.0,0,0.124624624625,83,0.629336623603,37,ENZYMES_g27.edges,2,35
373,4.0,0,0.213235294118,29,0.555885850178,17,ENZYMES_g78.edges,2,15
374,2.0,0,0.0730804810361,79,0.675132190354,47,ENZYMES_g572.edges,1,46
375,8.0,0,0.110661268556,82,0.674747174301,39,ENZYMES_g33.edges,3,36
376,2.0,0,0.156666666667,47,0.615436849253,25,ENZYMES_g114.edges,1,24
377,2.0,0,0.153333333333,46,0.609168241966,25,ENZYMES_g172.edges,1,24
378,1.0,0,0.102536997886,97,0.634552024657,44,ENZYMES_g218.edges,0,44
379,1.0,0,0.037296037296,80,0.66015625,66,ENZYMES_g501.edges,0,66
380,2.4,1,0.102521008403,61,0.718489653319,35,ENZYMES_g489.edges,4,31
381,1.6,1,0.0940766550523,81,0.656607224508,42,ENZYMES_g36.edges,4,36
382,4.0,0,0.186147186147,43,0.52866414278,22,ENZYMES_g206.edges,2,20
383,4.0,0,0.135384615385,44,0.571280991736,26,ENZYMES_g482.edges,2,24
384,1.28,2,0.103603603604,69,0.611741230834,37,ENZYMES_g411.edges,7,29
385,2.56,2,0.0739064856712,98,0.672011661808,52,ENZYMES_g551.edges,7,38
386,4.0,0,0.159544159544,56,0.561383928571,27,ENZYMES_g590.edges,2,25
387,1.6,1,0.10756302521,64,0.625244140625,35,ENZYMES_g388.edges,4,30
388,1.8432,4,0.0824524312896,78,0.695923734385,44,ENZYMES_g272.edges,12,25
389,4.0,0,0.12380952381,78,0.638806706114,36,ENZYMES_g592.edges,2,33
390,1.28,2,0.12315270936,50,0.593,29,ENZYMES_g405.edges,7,20
391,5.12,2,0.0828282828283,82,0.74501784652,45,ENZYMES_g553.edges,9,36
392,2.0,0,0.3,36,0.439429012346,16,ENZYMES_g138.edges,1,15
393,2.0,0,0.0851063829787,96,0.608669704861,48,ENZYMES_g191.edges,1,47
394,2.0,0,0.21568627451,33,0.578053259871,18,ENZYMES_g256.edges,1,17
395,2.0,0,0.0787878787879,78,0.654503616042,45,ENZYMES_g570.edges,1,44
396,8.0,0,0.121212121212,64,0.684936523438,33,ENZYMES_g49.edges,3,30
397,4.0,0,0.150997150997,53,0.588999644001,27,ENZYMES_g318.edges,2,25
398,1.0,0,0.095652173913,99,0.513519028671,46,ENZYMES_g439.edges,0,46
399,4.0,0,0.203463203463,47,0.549343594387,22,ENZYMES_g29.edges,2,20
400,2.0,0,0.160098522167,65,0.560473372781,29,ENZYMES_g510.edges,1,28
401,2.0,0,0.100422832981,95,0.559944598338,44,ENZYMES_g185.edges,1,43
402,1.2,1,0.112375533428,79,0.613843935267,38,ENZYMES_g492.edges,3,35
403,2.0,0,0.0984042553191,111,0.585585585586,48,ENZYMES_g523.edges,1,47
404,1.0,0,0.101479915433,96,0.585883246528,44,ENZYMES_g177.edges,0,44
405,2.0,0,0.124369747899,74,0.623173849525,35,ENZYMES_g84.edges,1,34
406,1.28,2,0.0871080139373,75,0.646577777778,42,ENZYMES_g365.edges,7,33
407,8.0,0,0.114919354839,57,0.592182209911,32,ENZYMES_g428.edges,3,29
408,1.0,0,0.175384615385,57,0.52000615574,26,ENZYMES_g449.edges,0,26
409,1.0,0,0.21568627451,33,0.436639118457,18,ENZYMES_g155.edges,0,18
410,1.0,0,0.18115942029,50,0.4646,24,ENZYMES_g311.edges,0,24
411,2.0,0,0.143333333333,43,0.628177393186,25,ENZYMES_g66.edges,1,24
412,8.0,0,0.0898520084567,85,0.660761245675,44,ENZYMES_g278.edges,3,41
413,1.6,1,0.122983870968,61,0.655872077399,32,ENZYMES_g242.edges,4,28
414,8.0,0,0.122222222222,77,0.62025636701,36,ENZYMES_g92.edges,3,33
415,2.0,0,0.0758556891767,82,0.673408685306,47,ENZYMES_g573.edges,1,46
416,2.0,0,0.204761904762,43,0.551919956733,21,ENZYMES_g399.edges,1,20
417,2.0,0,0.0657894736842,105,0.669795918367,57,ENZYMES_g204.edges,1,56
418,8.0,0,0.205263157895,39,0.457593688363,20,ENZYMES_g454.edges,3,17
419,2.0,0,0.0792270531401,82,0.652364663891,46,ENZYMES_g571.edges,1,45
420,8.0,0,0.15763546798,64,0.575561523438,29,ENZYMES_g219.edges,3,26
421,4.0,0,0.0898550724638,93,0.622499710949,46,ENZYMES_g305.edges,2,44
422,2.4,1,0.266666666667,32,0.48779296875,16,ENZYMES_g281.edges,4,12
423,8.0,0,0.148148148148,52,0.631841715976,27,ENZYMES_g577.edges,3,24
424,1.0,0,0.10661268556,79,0.53517064573,39,ENZYMES_g444.edges,0,39
425,8.0,0,0.285714285714,26,0.460798816568,14,ENZYMES_g477.edges,3,11
426,3.2,1,0.241666666667,29,0.533293697979,16,ENZYMES_g110.edges,5,11
427,4.0,0,0.154022988506,67,0.545444419693,30,ENZYMES_g511.edges,2,28
428,2.0,0,0.100422832981,95,0.523656509695,44,ENZYMES_g442.edges,1,43
429,2.0,0,0.107962213225,80,0.53421875,39,ENZYMES_g148.edges,1,37
430,1.6,1,0.147692307692,48,0.683376736111,26,ENZYMES_g556.edges,4,22
431,4.0,0,0.100995732575,71,0.568240428486,38,ENZYMES_g350.edges,2,36
432,1.0,0,0.107692307692,84,0.678287981859,40,ENZYMES_g273.edges,0,40
433,4.0,0,0.135472370766,76,0.55029432133,34,ENZYMES_g415.edges,2,29
434,1.28,2,0.241666666667,29,0.458977407848,16,ENZYMES_g385.edges,7,8
435,8.0,0,0.166007905138,42,0.618764172336,23,ENZYMES_g83.edges,3,20
436,1.0,0,0.045197740113,80,0.65046875,60,ENZYMES_g484.edges,0,60
437,1.6,1,0.159544159544,56,0.597098214286,27,ENZYMES_g518.edges,4,23
438,3.6,1,0.444444444444,16,0.419921875,9,ENZYMES_g61.edges,4,5
439,8.0,0,0.119429590018,67,0.557473824905,34,ENZYMES_g98.edges,3,29
440,1.2,1,0.18115942029,50,0.5458,24,ENZYMES_g40.edges,3,21
441,4.8,1,0.122983870968,61,0.651437785542,32,ENZYMES_g266.edges,5,27
442,1.6,1,0.144615384615,47,0.519692168402,26,ENZYMES_g420.edges,4,21
443,8.0,0,0.137634408602,64,0.612915039062,31,ENZYMES_g317.edges,3,28
444,4.0,0,0.207792207792,48,0.527994791667,22,ENZYMES_g160.edges,2,19
445,1.0,0,0.0604519774011,107,0.619006026727,60,ENZYMES_g279.edges,0,60
446,3.84,2,0.106685633001,75,0.660711111111,38,ENZYMES_g68.edges,8,29
447,8.0,0,0.199134199134,46,0.507797731569,22,ENZYMES_g483.edges,3,19
448,8.0,0,0.285714285714,30,0.399444444444,15,ENZYMES_g462.edges,3,12
449,1.0,0,0.261437908497,40,0.3471875,18,ENZYMES_g239.edges,0,18
450,6.4,1,0.12962962963,49,0.563098708871,28,ENZYMES_g479.edges,6,21
451,1.0,0,0.10487804878,86,0.619186046512,41,ENZYMES_g182.edges,0,41
452,2.0,0,0.362637362637,33,0.358126721763,14,ENZYMES_g125.edges,1,12
453,1.0,0,0.0585317460317,118,0.629811835679,64,ENZYMES_g349.edges,0,64
454,4.0,0,0.0897435897436,70,0.721632653061,40,ENZYMES_g72.edges,2,38
455,1.0,0,0.0877659574468,99,0.542444648505,48,ENZYMES_g438.edges,0,48
456,3.2,1,0.112820512821,88,0.668323863636,40,ENZYMES_g245.edges,5,35
457,4.0,0,0.0904183535762,67,0.726665181555,39,ENZYMES_g346.edges,2,37
458,1.6,1,0.130541871921,53,0.702563189747,29,ENZYMES_g201.edges,4,25
459,2.0,0,0.103846153846,81,0.614540466392,40,ENZYMES_g181.edges,1,39
460,8.0,0,0.177865612648,45,0.609135802469,23,ENZYMES_g5.edges,3,20
461,4.0,0,0.0966183574879,100,0.5668,46,ENZYMES_g194.edges,2,42
462,4.0,0,0.166666666667,46,0.541824196597,24,ENZYMES_g416.edges,2,22
463,4.0,0,0.137254901961,77,0.61359419801,34,ENZYMES_g519.edges,2,32
464,2.0,0,0.0951374207188,90,0.643641975309,44,ENZYMES_g595.edges,1,43
465,1.6,1,0.156666666667,47,0.662969669534,25,ENZYMES_g549.edges,4,21
466,4.0,0,0.143333333333,43,0.650351541374,25,ENZYMES_g175.edges,2,23
467,2.0,0,0.181538461538,59,0.563487503591,26,ENZYMES_g7.edges,1,25
468,4.0,0,0.2,42,0.573412698413,21,ENZYMES_g587.edges,2,19
469,2.56,2,0.144927536232,40,0.5721875,24,ENZYMES_g186.edges,8,10
470,4.0,0,0.104166666667,55,0.705289256198,33,ENZYMES_g63.edges,2,31
471,5.76,2,0.0935897435897,73,0.677706886846,40,ENZYMES_g274.edges,8,31
472,2.0,0,0.0649350649351,100,0.65335,56,ENZYMES_g203.edges,1,55
473,1.0,0,0.0695652173913,72,0.597704475309,46,ENZYMES_g593.edges,0,46
474,8.0,0,0.184782608696,51,0.607650903499,24,ENZYMES_g586.edges,3,21
475,7.2,1,0.133903133903,47,0.587822544138,27,ENZYMES_g51.edges,5,22
476,1.0,0,0.178461538462,58,0.513822829964,26,ENZYMES_g450.edges,0,26
477,4.0,0,0.666666666667,14,0.119897959184,7,ENZYMES_g386.edges,2,5
478,2.0,0,0.129032258065,64,0.620727539062,32,ENZYMES_g95.edges,1,31
479,8.0,0,0.27619047619,29,0.396551724138,15,ENZYMES_g458.edges,3,12
480,1.0,0,0.219047619048,46,0.490784499055,21,ENZYMES_g507.edges,0,21
481,4.0,0,0.363636363636,24,0.3984375,12,ENZYMES_g470.edges,2,10
482,8.0,0,0.0862745098039,110,0.608223140496,51,ENZYMES_g575.edges,3,46
483,4.0,0,0.0888888888889,88,0.643013946281,45,ENZYMES_g101.edges,2,42
484,4.0,0,0.193675889328,49,0.553311120367,23,ENZYMES_g28.edges,2,21
485,3.2,1,0.173913043478,44,0.629390495868,23,ENZYMES_g82.edges,5,18
486,1.0,0,0.209486166008,53,0.5266998932,23,ENZYMES_g581.edges,0,23
487,1.0,0,0.0985155195682,73,0.521580033777,39,ENZYMES_g448.edges,0,39
488,1.0,0,0.281045751634,43,0.385884261763,18,ENZYMES_g529.edges,0,18
489,1.28,2,0.110516934046,62,0.617976066597,34,ENZYMES_g357.edges,7,26
490,4.0,0,0.120689655172,49,0.688671386922,29,ENZYMES_g64.edges,2,27
491,8.0,0,0.0944669365722,70,0.747244897959,39,ENZYMES_g62.edges,3,36
492,4.0,0,0.0951219512195,78,0.712360289283,41,ENZYMES_g497.edges,2,39
493,1.0,0,0.266666666667,28,0.480229591837,15,ENZYMES_g393.edges,0,15
494,2.56,2,0.0726530612245,89,0.643921222068,50,ENZYMES_g517.edges,8,39
495,2.0,0,0.199134199134,46,0.470935727788,22,ENZYMES_g120.edges,1,21
496,1.0,0,0.0721554116559,78,0.491370808679,47,ENZYMES_g600.edges,0,47
497,8.0,0,0.189723320158,48,0.558810763889,23,ENZYMES_g331.edges,3,20
498,2.0,0,1.0,3,0.0,3,ENZYMES_g136.edges,1,2
499,8.0,0,0.10685483871,53,0.680313278747,32,ENZYMES_g10.edges,3,29
500,2.0,0,0.0723981900452,96,0.595431857639,52,ENZYMES_g313.edges,1,51
501,3.2,1,0.13768115942,38,0.523891966759,24,ENZYMES_g480.edges,5,15
502,2.0,0,0.0823211875843,61,0.550524052674,39,ENZYMES_g143.edges,1,36
503,3.2,1,0.119327731092,71,0.711565165642,35,ENZYMES_g585.edges,5,30
504,8.0,0,0.156666666667,47,0.544816659122,25,ENZYMES_g417.edges,3,22
505,1.0,0,0.0444279896335,120,0.641006944444,74,ENZYMES_g532.edges,0,74
506,2.0,0,0.0851063829787,96,0.645236545139,48,ENZYMES_g176.edges,1,47
507,1.0,0,0.166666666667,46,0.500236294896,24,ENZYMES_g435.edges,0,24
508,2.0,0,0.0746606334842,99,0.603356800326,52,ENZYMES_g465.edges,1,51
509,1.28,2,0.0564971751412,100,0.707,60,ENZYMES_g292.edges,7,52
510,1.2,1,0.363636363636,20,0.41125,11,ENZYMES_g129.edges,3,8
511,1.0,0,0.090243902439,74,0.694211102995,41,ENZYMES_g299.edges,0,41
512,8.0,0,0.14,42,0.671201814059,25,ENZYMES_g488.edges,3,22
513,1.28,2,0.11553030303,61,0.691346412255,33,ENZYMES_g333.edges,7,26
514,4.8,1,0.103846153846,81,0.660112787685,40,ENZYMES_g390.edges,5,35
515,1.6,1,0.2,38,0.47783933518,20,ENZYMES_g466.edges,4,15
516,2.0,0,0.077519379845,70,0.668163265306,43,ENZYMES_g434.edges,1,42
517,9.6,1,0.0853485064011,60,0.641388888889,38,ENZYMES_g180.edges,6,32
518,4.0,0,0.0975609756098,84,0.666454081633,42,ENZYMES_g168.edges,2,37
519,4.0,0,0.108527131783,98,0.604227405248,43,ENZYMES_g500.edges,2,41
520,8.0,0,0.0759183673469,93,0.672447681813,50,ENZYMES_g558.edges,3,44
521,8.0,0,0.11724137931,51,0.693579392541,30,ENZYMES_g47.edges,3,27
522,2.0,0,0.0522144522145,112,0.633888711735,66,ENZYMES_g355.edges,1,65
523,2.0,0,0.0979797979798,97,0.571633542353,45,ENZYMES_g583.edges,1,44
524,1.0,0,0.0185259229641,139,0.753196004348,123,ENZYMES_g295.edges,0,123
525,1.44,2,0.210526315789,36,0.556712962963,19,ENZYMES_g258.edges,6,13
526,2.4,1,0.17094017094,60,0.563611111111,27,ENZYMES_g263.edges,4,23
527,1.6,1,0.0959595959596,95,0.64055401662,45,ENZYMES_g44.edges,4,40
528,2.0,0,0.209150326797,32,0.58447265625,18,ENZYMES_g162.edges,1,17
529,6.4,1,0.125,66,0.60181359045,33,ENZYMES_g408.edges,6,26
530,4.0,0,0.0927536231884,96,0.662109375,46,ENZYMES_g326.edges,2,44
531,7.68,2,0.0926829268293,76,0.714508310249,41,ENZYMES_g418.edges,9,32
532,1.0,0,0.0709219858156,80,0.601953125,48,ENZYMES_g563.edges,0,48
533,3.2,1,0.285714285714,26,0.369822485207,14,ENZYMES_g330.edges,5,8
534,1.6,1,0.163043478261,45,0.618518518519,24,ENZYMES_g343.edges,4,20
535,1.0,0,0.0745098039216,95,0.503601108033,51,ENZYMES_g599.edges,0,51
536,1.28,2,0.112698412698,71,0.664947431065,36,ENZYMES_g235.edges,7,24
537,1.0,0,0.0846153846154,66,0.528581267218,40,ENZYMES_g424.edges,0,40
538,9.6,1,0.12688172043,59,0.635305946567,31,ENZYMES_g267.edges,6,25
539,4.0,0,0.307692307692,28,0.446428571429,14,ENZYMES_g12.edges,2,12
540,4.8,1,0.109848484848,58,0.72131391201,33,ENZYMES_g381.edges,5,28
541,1.6,1,0.2,38,0.416551246537,20,ENZYMES_g478.edges,4,15
542,6.4,1,0.0963414634146,79,0.744672328153,41,ENZYMES_g544.edges,6,35
543,1.0,0,0.177536231884,49,0.574968763015,24,ENZYMES_g265.edges,0,24
544,1.0,0,0.178461538462,58,0.526307966706,26,ENZYMES_g446.edges,0,26
545,8.0,0,0.156923076923,51,0.618415993849,26,ENZYMES_g391.edges,3,23
546,6.0,0,0.13446969697,71,0.599186669312,33,ENZYMES_g268.edges,2,31
547,3.2,1,0.145299145299,51,0.648788927336,27,ENZYMES_g334.edges,5,22
548,4.0,0,0.133333333333,58,0.509958382878,30,ENZYMES_g99.edges,2,27
549,1.6,1,0.0929152148664,80,0.6578125,42,ENZYMES_g37.edges,4,36
550,2.4,1,0.155797101449,43,0.653055705787,24,ENZYMES_g207.edges,4,20
551,1.0,0,0.0919191919192,91,0.621845187779,45,ENZYMES_g596.edges,0,45
552,2.0,0,0.173913043478,44,0.574121900826,23,ENZYMES_g35.edges,1,22
553,4.0,0,0.233333333333,28,0.556760204082,16,ENZYMES_g77.edges,2,14
554,1.28,2,0.117647058824,70,0.611530612245,35,ENZYMES_g109.edges,7,26
555,1.2,1,0.333333333333,22,0.436983471074,12,ENZYMES_g338.edges,3,9
556,1.0,0,0.121621621622,81,0.570263679317,37,ENZYMES_g227.edges,0,37
557,1.0,0,0.0870870870871,58,0.561831153389,37,ENZYMES_g400.edges,0,37
558,1.0,0,0.0317103620474,127,0.666470332941,90,ENZYMES_g123.edges,0,90
559,2.0,0,0.535714285714,15,0.3,8,ENZYMES_g157.edges,1,7
560,8.0,0,0.0958164642375,71,0.638662963698,39,ENZYMES_g233.edges,3,36
561,8.0,0,0.197628458498,50,0.4912,23,ENZYMES_g229.edges,3,20
562,1.0,0,0.186666666667,56,0.492825255102,25,ENZYMES_g447.edges,0,25
563,1.2,1,0.185770750988,47,0.54051607062,23,ENZYMES_g212.edges,3,20
564,2.0,0,0.418181818182,23,0.365784499055,11,ENZYMES_g127.edges,1,10
565,2.0,0,0.0733752620545,105,0.610929705215,54,ENZYMES_g224.edges,1,53
566,2.0,0,0.32380952381,34,0.357698961938,15,ENZYMES_g217.edges,1,14
567,2.0,0,0.397435897436,31,0.301768990635,13,ENZYMES_g567.edges,1,12
568,2.0,0,0.0987224157956,85,0.601730103806,42,ENZYMES_g348.edges,1,41
569,2.0,0,0.184782608696,51,0.590734332949,24,ENZYMES_g332.edges,1,23
570,2.0,0,0.10960960961,73,0.652561456183,37,ENZYMES_g414.edges,1,36
571,1.0,0,0.0518518518519,77,0.646567717996,55,ENZYMES_g198.edges,0,55
572,4.0,0,0.0653198653199,97,0.636305664789,55,ENZYMES_g16.edges,2,53
573,8.0,0,0.202614379085,31,0.497918834547,18,ENZYMES_g54.edges,3,14
574,1.6,1,0.129032258065,64,0.619750976562,32,ENZYMES_g104.edges,4,27
575,1.6,1,0.247619047619,26,0.39275147929,15,ENZYMES_g372.edges,4,9
576,8.0,0,0.11724137931,51,0.583429450211,30,ENZYMES_g378.edges,3,26
577,3.2,1,0.115220483642,81,0.628181679622,38,ENZYMES_g31.edges,5,33
578,8.0,0,0.0931174089069,69,0.719596723377,39,ENZYMES_g86.edges,3,36
579,4.0,0,0.285714285714,26,0.51849112426,14,ENZYMES_g251.edges,2,12
580,4.0,0,0.128787878788,68,0.672902249135,33,ENZYMES_g493.edges,2,31
581,2.0,0,0.143939393939,76,0.588209833795,33,ENZYMES_g231.edges,1,32
582,4.0,0,0.9,9,2.77555756156e-17,5,ENZYMES_g100.edges,2,3
583,5.76,2,0.099573257468,70,0.654795918367,38,ENZYMES_g277.edges,8,29
584,1.28,2,0.0971659919028,72,0.600694444444,39,ENZYMES_g485.edges,7,30
585,1.6,1,0.08,98,0.674302374011,50,ENZYMES_g395.edges,4,40
586,6.4,1,0.2,42,0.597789115646,21,ENZYMES_g321.edges,6,14
587,1.6,1,0.0851063829787,92,0.647625236295,47,ENZYMES_g195.edges,4,41
588,8.0,0,0.181818181818,42,0.523526077098,22,ENZYMES_g351.edges,3,19
589,3.2,1,0.21645021645,50,0.4862,22,ENZYMES_g238.edges,5,17
590,4.0,0,0.148550724638,41,0.651100535396,24,ENZYMES_g170.edges,2,22
591,8.0,0,0.228070175439,39,0.538132807364,19,ENZYMES_g432.edges,3,16
592,2.0,0,0.333333333333,22,0.426652892562,12,ENZYMES_g163.edges,1,11
593,1.0,0,0.0670426065163,107,0.610358983317,57,ENZYMES_g527.edges,0,57
594,1.0,0,0.267973856209,41,0.374479476502,18,ENZYMES_g240.edges,0,18
595,8.0,0,0.137566137566,52,0.613535502959,28,ENZYMES_g336.edges,3,25
596,2.0,0,0.212121212121,49,0.480008329863,22,ENZYMES_g506.edges,1,21
597,8.0,0,0.124137931034,54,0.693587105624,30,ENZYMES_g67.edges,3,27
598,1.28,2,0.0866807610994,82,0.745464009518,44,ENZYMES_g546.edges,7,37
599,1.0,0,0.141935483871,66,0.612144168962,31,ENZYMES_g192.edges,0,31
600,2.4,1,0.17,51,0.574202229912,25,ENZYMES_g262.edges,4,21
601,2.4,1,0.14039408867,57,0.587873191751,29,ENZYMES_g322.edges,4,25
602,3.2,1,0.17316017316,40,0.53375,22,ENZYMES_g375.edges,5,16
603,1.6,1,0.166666666667,46,0.632561436673,24,ENZYMES_g6.edges,4,20
604,2.0,0,0.160098522167,65,0.572662721893,29,ENZYMES_g232.edges,1,28
605,5.12,2,0.112010796221,83,0.604441863841,39,ENZYMES_g107.edges,9,29
606,6.4,1,0.126984126984,48,0.572265625,28,ENZYMES_g248.edges,6,21
607,8.0,0,0.0745098039216,95,0.668531855956,51,ENZYMES_g112.edges,3,47
608,1.0,0,0.116642958748,82,0.578747769185,38,ENZYMES_g139.edges,0,38
609,1.6,1,0.215789473684,41,0.46490184414,20,ENZYMES_g467.edges,4,15
610,4.0,0,0.107317073171,88,0.661608987603,41,ENZYMES_g25.edges,2,39
611,1.0,0,0.020523415978,149,0.728525742084,121,ENZYMES_g297.edges,0,121
612,4.0,0,0.333333333333,22,0.422520661157,12,ENZYMES_g119.edges,2,10
613,4.0,0,0.096256684492,54,0.611796982167,34,ENZYMES_g452.edges,2,31
614,2.0,0,0.125177809388,88,0.597430268595,38,ENZYMES_g71.edges,1,37
615,1.0,0,0.100985221675,41,0.569006543724,29,ENZYMES_g150.edges,0,29
616,2.4,1,0.173913043478,48,0.595703125,24,ENZYMES_g264.edges,4,20
617,1.6,1,0.0898520084567,85,0.660276816609,44,ENZYMES_g569.edges,4,32
618,2.0,0,0.137931034483,60,0.631111111111,30,ENZYMES_g193.edges,1,28
619,4.0,0,0.0659932659933,98,0.665556018326,55,ENZYMES_g306.edges,2,52
620,8.0,0,0.145502645503,55,0.645454545455,28,ENZYMES_g69.edges,3,25
621,2.0,0,0.205263157895,39,0.559171597633,20,ENZYMES_g145.edges,1,19
622,8.0,0,0.133333333333,62,0.646852237253,31,ENZYMES_g589.edges,3,28
623,8.0,0,0.333333333333,22,0.344008264463,12,ENZYMES_g156.edges,3,9
624,1.0,0,0.228070175439,39,0.507560815253,19,ENZYMES_g397.edges,0,19
625,6.0,0,0.4,18,0.364197530864,10,ENZYMES_g60.edges,2,8
626,1.0,0,0.162393162393,57,0.514158202524,27,ENZYMES_g422.edges,0,27
627,1.2,1,0.205533596838,52,0.531619822485,23,ENZYMES_g261.edges,3,20
628,3.2,1,0.110661268556,82,0.532198096371,39,ENZYMES_g547.edges,5,27
629,3.2,1,0.0790816326531,93,0.645681581686,49,ENZYMES_g300.edges,5,43
630,1.28,2,0.0939024390244,77,0.733260246247,41,ENZYMES_g545.edges,7,34
631,1.2,1,0.416666666667,15,0.424444444444,9,ENZYMES_g50.edges,3,6
632,4.0,0,0.0890243902439,73,0.720679301933,41,ENZYMES_g14.edges,2,39
633,3.2,1,0.142857142857,54,0.679183813443,28,ENZYMES_g70.edges,5,23
634,2.4,1,0.184782608696,51,0.509611687812,24,ENZYMES_g298.edges,4,20
635,3.2,1,0.100422832981,95,0.666426592798,44,ENZYMES_g46.edges,5,33
636,1.6,1,0.216374269006,37,0.423666910153,19,ENZYMES_g455.edges,4,15
637,6.0,0,0.4,18,0.364197530864,10,ENZYMES_g57.edges,2,8
638,4.0,0,0.0753911806543,53,0.618191527234,38,ENZYMES_g320.edges,2,32
639,2.0,0,0.204761904762,43,0.511898323418,21,ENZYMES_g505.edges,1,20
640,1.6,1,0.204678362573,35,0.571836734694,19,ENZYMES_g144.edges,4,15
641,1.0,0,0.116666666667,91,0.5422050477,40,ENZYMES_g184.edges,0,40
642,2.0,0,0.186666666667,56,0.502391581633,25,ENZYMES_g441.edges,1,24
643,8.0,0,0.131034482759,57,0.481840566328,30,ENZYMES_g222.edges,3,23
644,8.0,0,0.123123123123,82,0.620464009518,37,ENZYMES_g522.edges,3,34
645,2.0,0,0.345454545455,19,0.295013850416,11,ENZYMES_g368.edges,1,10
646,2.0,0,0.145299145299,51,0.625336409073,27,ENZYMES_g115.edges,1,26
647,8.0,0,0.209150326797,32,0.49365234375,18,ENZYMES_g59.edges,3,13
648,4.0,0,0.238095238095,25,0.4568,15,ENZYMES_g367.edges,2,12
649,2.0,0,0.148148148148,56,0.519610969388,28,ENZYMES_g358.edges,1,27
650,1.6,1,0.15,45,0.635308641975,25,ENZYMES_g548.edges,4,21
651,8.0,0,0.132773109244,79,0.606473321583,35,ENZYMES_g521.edges,3,32
652,3.2,1,0.0882694541231,76,0.744459833795,42,ENZYMES_g543.edges,5,37
653,1.0,0,0.137254901961,77,0.531961544949,34,ENZYMES_g459.edges,0,34
654,8.0,0,0.0776470588235,99,0.614274053668,51,ENZYMES_g310.edges,3,48
655,4.0,0,0.112605042017,67,0.67966139452,35,ENZYMES_g490.edges,2,33
656,4.0,0,0.112195121951,92,0.620982986767,41,ENZYMES_g539.edges,2,39
657,1.0,0,0.141538461538,46,0.522920604915,26,ENZYMES_g359.edges,0,26
658,1.0,0,0.117647058824,66,0.691345270891,34,ENZYMES_g30.edges,0,34
659,1.0,0,0.0673400673401,100,0.61735,55,ENZYMES_g598.edges,0,55
660,4.0,0,0.0935897435897,73,0.700037530494,40,ENZYMES_g87.edges,2,38
661,1.0,0,0.109175377468,94,0.650916704391,42,ENZYMES_g74.edges,0,42
662,1.6,1,0.117424242424,62,0.683532778356,33,ENZYMES_g243.edges,4,29
663,1.2,1,0.117647058824,70,0.640918367347,35,ENZYMES_g20.edges,3,32
664,8.0,0,0.165242165242,58,0.58531510107,27,ENZYMES_g345.edges,3,24
665,2.0,0,0.363636363636,24,0.385416666667,12,ENZYMES_g141.edges,1,11
666,2.0,0,0.183333333333,55,0.47652892562,25,ENZYMES_g213.edges,1,24
667,2.0,0,0.0877659574468,99,0.671819202122,48,ENZYMES_g171.edges,1,47
668,2.0,0,0.0952380952381,82,0.616671624033,42,ENZYMES_g304.edges,1,41
669,8.0,0,0.150769230769,49,0.632236568097,26,ENZYMES_g342.edges,3,23
670,2.0,0,0.110661268556,82,0.549524092802,39,ENZYMES_g149.edges,1,37
671,6.0,0,0.156923076923,51,0.569396386005,26,ENZYMES_g515.edges,2,24
672,6.4,1,0.194736842105,37,0.463476990504,20,ENZYMES_g468.edges,6,12
673,1.0,0,0.164502164502,38,0.546745152355,22,ENZYMES_g314.edges,0,22
674,8.0,0,0.0923076923077,72,0.732735339506,40,ENZYMES_g498.edges,3,37
675,1.0,0,0.4,22,0.354338842975,11,ENZYMES_g394.edges,0,11
676,2.0,0,0.238095238095,50,0.5448,21,ENZYMES_g58.edges,1,20
677,2.0,0,0.264705882353,36,0.501929012346,17,ENZYMES_g164.edges,1,16
678,1.6,1,0.0979797979798,97,0.640982038474,45,ENZYMES_g42.edges,4,40
679,2.56,2,0.100600600601,67,0.620182668746,37,ENZYMES_g560.edges,8,27
680,2.0,0,0.155844155844,36,0.654706790123,22,ENZYMES_g166.edges,1,21
681,4.0,0,0.266666666667,32,0.4609375,16,ENZYMES_g132.edges,2,14
682,2.0,0,0.156084656085,59,0.481039931054,28,ENZYMES_g361.edges,1,27
683,4.8,1,0.0894308943089,77,0.709563164109,42,ENZYMES_g495.edges,5,37
684,1.28,2,0.0685714285714,84,0.664399092971,50,ENZYMES_g285.edges,7,41
685,2.0,0,0.220588235294,30,0.549444444444,17,ENZYMES_g255.edges,1,16
686,2.0,0,0.222222222222,8,0.4140625,9,ENZYMES_g352.edges,1,6
687,8.0,0,0.134920634921,51,0.658400615148,28,ENZYMES_g280.edges,3,25
688,8.0,0,0.205263157895,39,0.516436554898,20,ENZYMES_g188.edges,3,17
689,4.0,0,0.0871080139373,75,0.721511111111,42,ENZYMES_g13.edges,2,40
690,2.4,1,0.155797101449,43,0.651974040022,24,ENZYMES_g39.edges,4,20
691,1.0,0,0.0855855855856,57,0.545090797168,37,ENZYMES_g430.edges,0,37
692,8.0,0,0.119540229885,52,0.578217455621,30,ENZYMES_g379.edges,3,26
693,2.56,2,0.106060606061,56,0.621332908163,33,ENZYMES_g404.edges,8,22
694,6.4,1,0.156923076923,51,0.588811995386,26,ENZYMES_g486.edges,6,17
695,2.4,1,0.105263157895,74,0.703798392988,38,ENZYMES_g290.edges,4,34
696,2.4,1,0.197628458498,50,0.4744,23,ENZYMES_g208.edges,4,19
697,2.0,0,0.0921985815603,104,0.591299926036,48,ENZYMES_g215.edges,1,46
698,1.0,0,0.0347439916405,133,0.655322516818,88,ENZYMES_g8.edges,0,88
699,1.28,2,0.107936507937,68,0.637110726644,36,ENZYMES_g412.edges,7,28
700,4.0,0,0.0998217468806,56,0.734215561224,34,ENZYMES_g93.edges,2,32
701,4.0,0,0.139601139601,49,0.666180758017,27,ENZYMES_g190.edges,2,25
702,2.0,0,0.0859465737515,74,0.759222059898,42,ENZYMES_g116.edges,1,41
703,1.0,0,0.195238095238,41,0.576145151695,21,ENZYMES_g220.edges,0,21
704,4.0,0,0.204678362573,35,0.563673469388,19,ENZYMES_g76.edges,2,17
705,1.92,2,0.12962962963,49,0.636609745939,28,ENZYMES_g340.edges,7,17
706,1.6,1,0.0878815911193,95,0.658393351801,47,ENZYMES_g41.edges,4,43
707,2.0,0,0.0782726045884,58,0.535671819263,39,ENZYMES_g247.edges,1,38
708,1.0,0,0.0859929078014,97,0.540811988522,48,ENZYMES_g401.edges,0,48
709,1.6,1,0.137931034483,60,0.514444444444,30,ENZYMES_g407.edges,4,22
710,1.0,0,0.435897435897,34,0.278114186851,13,ENZYMES_g568.edges,0,13
711,4.0,0,0.2,42,0.521825396825,21,ENZYMES_g588.edges,2,18
712,1.0,0,0.117408906883,87,0.595785440613,39,ENZYMES_g146.edges,0,39
713,4.0,0,0.149193548387,74,0.592494521549,32,ENZYMES_g520.edges,2,30
714,2.0,0,0.0993657505285,94,0.580749207786,44,ENZYMES_g187.edges,1,43
715,4.0,0,0.0751020408163,92,0.642899338374,50,ENZYMES_g307.edges,2,48
716,1.0,0,0.252380952381,53,0.398718405126,21,ENZYMES_g528.edges,0,21
717,4.0,0,0.150769230769,49,0.611411911703,26,ENZYMES_g111.edges,2,24
718,8.0,0,0.333333333333,26,0.420118343195,13,ENZYMES_g473.edges,3,10
719,1.6,1,0.25,34,0.493079584775,17,ENZYMES_g133.edges,4,13
720,5.12,2,0.0571126388154,108,0.708461934156,62,ENZYMES_g199.edges,9,49
721,1.0,0,0.119429590018,67,0.629873022945,34,ENZYMES_g94.edges,0,34
722,8.0,0,0.0952380952381,82,0.617638310529,42,ENZYMES_g102.edges,3,38
723,1.0,0,0.0795454545455,42,0.527494331066,33,ENZYMES_g457.edges,0,33
724,2.0,0,0.154022988506,67,0.48819336155,30,ENZYMES_g250.edges,1,29
725,2.4,1,0.17,51,0.564975009612,25,ENZYMES_g335.edges,4,21
726,6.0,0,0.4,22,0.342975206612,11,ENZYMES_g152.edges,2,9
727,1.0,0,0.144927536232,40,0.5103125,24,ENZYMES_g254.edges,0,24
728,1.92,2,0.106606606607,71,0.70888712557,37,ENZYMES_g516.edges,7,30
729,1.0,0,0.104529616725,90,0.59475308642,42,ENZYMES_g574.edges,0,42
730,1.0,0,0.121794871795,95,0.595844875346,40,ENZYMES_g17.edges,0,40
731,2.0,0,0.141304347826,39,0.689349112426,24,ENZYMES_g65.edges,1,23
732,2.0,0,0.0974529346622,88,0.625322830579,43,ENZYMES_g538.edges,1,42
733,1.6,1,0.0951374207188,90,0.653395061728,44,ENZYMES_g316.edges,4,39
734,1.6,1,0.252747252747,23,0.404536862004,14,ENZYMES_g398.edges,4,9
735,2.0,0,0.106852497096,92,0.663456994329,42,ENZYMES_g24.edges,1,41
736,4.0,0,0.252747252747,23,0.461247637051,14,ENZYMES_g437.edges,2,11
737,1.0,0,0.145299145299,51,0.491733948481,27,ENZYMES_g445.edges,0,27
738,2.0,0,0.0833333333333,94,0.62222725215,48,ENZYMES_g309.edges,1,47
739,2.4,1,0.257142857143,27,0.550754458162,15,ENZYMES_g487.edges,4,11
740,2.0,0,0.0898520084567,85,0.616401384083,44,ENZYMES_g533.edges,1,43
741,1.0,0,0.166153846154,54,0.541152263374,26,ENZYMES_g360.edges,0,26
742,2.0,0,0.110924369748,66,0.609848484848,35,ENZYMES_g253.edges,1,34
743,2.4,1,0.153333333333,46,0.611767485822,25,ENZYMES_g3.edges,4,21
744,1.6,1,0.0959595959596,95,0.640110803324,45,ENZYMES_g43.edges,4,40
745,2.0,0,0.242105263158,46,0.495037807183,20,ENZYMES_g363.edges,1,19
746,1.6,1,0.220588235294,30,0.589444444444,17,ENZYMES_g469.edges,4,13
747,2.4,1,0.15,45,0.652592592593,25,ENZYMES_g202.edges,4,21
748,2.0,0,0.162561576355,66,0.537764003673,29,ENZYMES_g525.edges,1,28
749,3.2,1,0.17619047619,37,0.632213294375,21,ENZYMES_g324.edges,5,16
750,4.0,0,0.107962213225,80,0.62609375,39,ENZYMES_g289.edges,2,37
751,5.12,2,0.0656108597285,87,0.656493592284,52,ENZYMES_g283.edges,9,37
752,8.0,0,0.0972515856237,92,0.626594990548,44,ENZYMES_g315.edges,3,40
753,2.0,0,0.228758169935,35,0.562857142857,18,ENZYMES_g131.edges,1,17
754,4.0,0,0.140211640212,53,0.637059451762,28,ENZYMES_g579.edges,2,26
755,4.0,0,0.128342245989,72,0.627218364198,34,ENZYMES_g200.edges,2,32
756,2.0,0,0.733333333333,11,0.0454545454545,6,ENZYMES_g237.edges,1,5
757,1.0,0,0.0833333333333,94,0.618435943866,48,ENZYMES_g382.edges,0,48
758,1.0,0,0.129445234708,91,0.590448013525,38,ENZYMES_g18.edges,0,38
759,4.0,0,0.164021164021,62,0.579864724246,28,ENZYMES_g410.edges,2,26
760,1.0,0,0.258333333333,31,0.408428720083,16,ENZYMES_g53.edges,0,16
761,2.0,0,0.122983870968,61,0.680865358775,32,ENZYMES_g494.edges,1,31
762,2.0,0,0.239766081871,41,0.519036287924,19,ENZYMES_g362.edges,1,18
763,1.2,1,0.15,45,0.637777777778,25,ENZYMES_g319.edges,3,22
764,2.4,1,0.154150197628,39,0.636094674556,23,ENZYMES_g344.edges,4,19
765,4.0,0,0.17316017316,40,0.4928125,22,ENZYMES_g151.edges,2,19
766,1.2,1,0.17316017316,40,0.5865625,22,ENZYMES_g137.edges,3,19
767,8.0,0,0.145299145299,51,0.647443291042,27,ENZYMES_g576.edges,3,24
768,1.0,0,0.201581027668,51,0.565359477124,23,ENZYMES_g2.edges,0,23
769,1.44,2,0.204678362573,35,0.557959183673,19,ENZYMES_g259.edges,6,13
770,2.0,0,0.113846153846,37,0.479181884587,26,ENZYMES_g128.edges,1,23
771,2.0,0,0.153846153846,50,0.5346,26,ENZYMES_g440.edges,1,25
772,2.0,0,0.318681318681,29,0.433412604043,14,ENZYMES_g122.edges,1,13
773,1.0,0,0.257894736842,49,0.432944606414,20,ENZYMES_g364.edges,0,20
774,8.0,0,0.0739064856712,98,0.665451895044,52,ENZYMES_g113.edges,3,48
775,2.0,0,0.0963995354239,83,0.622514152998,42,ENZYMES_g530.edges,1,37
776,1.6,1,0.126126126126,84,0.615929705215,37,ENZYMES_g1.edges,4,33
777,1.024,3,0.116642958748,82,0.631097560976,38,ENZYMES_g108.edges,10,27
778,4.8,1,0.101282051282,79,0.667120653741,40,ENZYMES_g223.edges,5,35
779,2.0,0,0.0927536231884,96,0.588975694444,46,ENZYMES_g173.edges,1,45
780,1.6,1,0.141538461538,46,0.678875236295,26,ENZYMES_g555.edges,4,22
781,1.0,0,0.0672121566335,115,0.645482041588,59,ENZYMES_g103.edges,0,59
782,2.0,0,0.0938833570413,66,0.724173553719,38,ENZYMES_g90.edges,1,37
783,4.0,0,0.0972515856237,92,0.630907372401,44,ENZYMES_g536.edges,2,33
784,2.0,0,0.0952380952381,82,0.629684711481,42,ENZYMES_g308.edges,1,41
785,2.0,0,1.0,1,0.0,2,ENZYMES_g19.edges,1,1
786,2.0,0,1.0,6,-2.77555756156e-17,4,ENZYMES_g11.edges,1,3
787,1.6,1,0.130681818182,69,0.607330392775,33,ENZYMES_g105.edges,4,28
788,8.0,0,0.571428571429,12,0.21875,7,ENZYMES_g55.edges,3,3
789,1.2,1,0.153846153846,54,0.58659122085,27,ENZYMES_g384.edges,3,24
790,2.4,1,0.18115942029,50,0.5166,24,ENZYMES_g211.edges,4,20
791,4.0,0,0.571428571429,16,0.185546875,8,ENZYMES_g153.edges,2,6
792,2.4,1,0.0882694541231,76,0.724203601108,42,ENZYMES_g496.edges,4,38
793,2.0,0,0.090243902439,74,0.749452154858,41,ENZYMES_g524.edges,1,40
794,1.6,1,0.145299145299,51,0.500384467512,27,ENZYMES_g419.edges,4,22
795,1.0,0,0.0665456745312,110,0.614669421488,58,ENZYMES_g526.edges,0,58
796,8.0,0,0.141129032258,70,0.610306122449,32,ENZYMES_g271.edges,3,29
797,2.0,0,0.107692307692,84,0.542729591837,40,ENZYMES_g147.edges,1,38
798,4.0,0,0.128787878788,68,0.636570069204,33,ENZYMES_g85.edges,2,31
799,1.28,2,0.0691489361702,78,0.654667981591,48,ENZYMES_g284.edges,7,35
800,3.2,1,0.128735632184,56,0.534279336735,30,ENZYMES_g276.edges,5,23
801,1.0,0,0.103368176539,89,0.638745107941,42,ENZYMES_g537.edges,0,42
802,8.0,0,0.222222222222,34,0.476211072664,18,ENZYMES_g374.edges,3,14
803,4.0,0,0.120512820513,94,0.596706654595,40,ENZYMES_g89.edges,2,38
804,2.0,0,0.2,42,0.563775510204,21,ENZYMES_g260.edges,1,20
805,8.0,0,0.5,14,0.357142857143,8,ENZYMES_g34.edges,3,5
806,4.0,0,0.129445234708,91,0.591957493056,38,ENZYMES_g88.edges,2,36
807,8.0,0,0.0581920903955,103,0.663021962485,60,ENZYMES_g578.edges,3,50
808,2.0,0,0.101219512195,83,0.632675279431,41,ENZYMES_g303.edges,1,40
809,6.0,0,0.163043478261,45,0.635308641975,24,ENZYMES_g4.edges,2,22
810,8.0,0,0.108974358974,85,0.677716262976,40,ENZYMES_g26.edges,3,37
811,6.4,1,0.0549973558964,104,0.715051775148,62,ENZYMES_g291.edges,6,55
812,4.0,0,0.241830065359,37,0.528853177502,18,ENZYMES_g431.edges,2,16
813,1.0,0,0.0940803382664,89,0.636598914279,44,ENZYMES_g301.edges,0,44
814,4.0,0,0.150793650794,57,0.554632194521,28,ENZYMES_g403.edges,2,24
815,4.0,0,0.15632183908,68,0.526059688581,30,ENZYMES_g512.edges,2,28
816,2.0,0,0.228758169935,35,0.538367346939,18,ENZYMES_g225.edges,1,17
817,4.0,0,0.285714285714,26,0.420118343195,14,ENZYMES_g463.edges,2,12
818,1.6,1,0.0746606334842,99,0.692582389552,52,ENZYMES_g557.edges,4,45
819,8.0,0,0.220588235294,30,0.546111111111,17,ENZYMES_g106.edges,3,14
820,2.0,0,0.101045296167,87,0.609393579073,42,ENZYMES_g347.edges,1,41
821,4.8,1,0.111111111111,70,0.66,36,ENZYMES_g377.edges,5,31
822,8.0,0,0.114081996435,64,0.673706054688,34,ENZYMES_g241.edges,3,31
823,3.2,1,0.0799319727891,94,0.618888637392,49,ENZYMES_g327.edges,5,44
824,2.0,0,0.318681318681,29,0.415576694411,14,ENZYMES_g142.edges,1,13
825,1.0,0,0.102564102564,76,0.548476454294,39,ENZYMES_g443.edges,0,39
826,2.0,0,0.0975609756098,84,0.617063492063,42,ENZYMES_g302.edges,1,41
827,8.0,0,0.101587301587,64,0.709106445312,36,ENZYMES_g15.edges,3,33
828,8.0,0,0.120967741935,60,0.628333333333,32,ENZYMES_g409.edges,3,29
829,4.0,0,0.145502645503,55,0.610082644628,28,ENZYMES_g389.edges,2,26
830,3.2,1,0.134057971014,37,0.490504017531,24,ENZYMES_g471.edges,5,15
831,1.6,1,0.076862745098,98,0.68539150354,51,ENZYMES_g591.edges,4,46
832,2.0,0,0.236842105263,45,0.436296296296,20,ENZYMES_g453.edges,1,19
833,3.2,1,0.08,98,0.660089546022,50,ENZYMES_g325.edges,5,45
834,5.12,2,0.080193236715,83,0.697053273334,46,ENZYMES_g503.edges,9,35
835,2.0,0,0.112195121951,92,0.619978733459,41,ENZYMES_g513.edges,1,40
836,4.0,0,0.333333333333,26,0.420118343195,13,ENZYMES_g135.edges,2,11
837,1.2,1,0.18115942029,50,0.5682,24,ENZYMES_g210.edges,3,21
838,1.28,2,0.121212121212,64,0.636352539062,33,ENZYMES_g406.edges,7,24
839,5.12,2,0.0987179487179,77,0.624978917187,40,ENZYMES_g197.edges,9,27
840,2.0,0,0.0632832080201,101,0.656406234683,57,ENZYMES_g209.edges,1,56
841,8.0,0,0.139601139601,49,0.687630154102,27,ENZYMES_g328.edges,3,24
842,6.4,1,0.148148148148,52,0.664386094675,27,ENZYMES_g561.edges,6,21
843,4.0,0,0.228758169935,35,0.478367346939,18,ENZYMES_g396.edges,2,15
844,2.0,0,0.133903133903,47,0.685151652331,27,ENZYMES_g216.edges,1,26
845,2.0,0,0.115873015873,73,0.692906736724,36,ENZYMES_g502.edges,1,35
846,4.0,0,0.109311740891,81,0.666133211401,39,ENZYMES_g23.edges,2,37
847,1.28,2,0.112375533428,79,0.654061849063,38,ENZYMES_g32.edges,7,30
848,4.0,0,0.114919354839,57,0.700523237919,32,ENZYMES_g48.edges,2,30
849,8.0,0,0.150769230769,49,0.623906705539,26,ENZYMES_g339.edges,3,23
850,1.6,1,0.148148148148,52,0.632026627219,27,ENZYMES_g383.edges,4,23
851,4.0,0,0.358974358974,28,0.380739795918,13,ENZYMES_g140.edges,2,11
852,2.0,0,0.0947580645161,47,0.573562698053,32,ENZYMES_g126.edges,1,28
853,1.0,0,0.314285714286,33,0.389807162534,15,ENZYMES_g436.edges,0,15
854,2.0,0,0.137634408602,64,0.573608398438,31,ENZYMES_g554.edges,1,30
855,2.0,0,0.209150326797,32,0.55419921875,18,ENZYMES_g80.edges,1,17
856,1.28,2,0.0953058321479,67,0.617063934061,38,ENZYMES_g559.edges,7,29
857,1.6,1,0.142857142857,54,0.655521262003,28,ENZYMES_g341.edges,4,24
858,1.0,0,0.340659340659,31,0.409989594173,14,ENZYMES_g124.edges,0,14
859,2.0,0,0.171957671958,65,0.46899408284,28,ENZYMES_g460.edges,1,27
860,1.0,0,0.0993657505285,94,0.572034857402,44,ENZYMES_g169.edges,0,44
861,4.8,1,0.120967741935,60,0.672777777778,32,ENZYMES_g270.edges,5,27
862,8.0,0,0.185714285714,39,0.465483234714,21,ENZYMES_g425.edges,3,18
863,3.2,1,0.135467980296,55,0.690743801653,29,ENZYMES_g562.edges,5,24
864,2.0,0,0.163043478261,45,0.542716049383,24,ENZYMES_g474.edges,1,23
865,4.0,0,0.348484848485,23,0.369565217391,12,ENZYMES_g475.edges,2,10
866,1.28,2,0.0882694541231,76,0.631665512465,42,ENZYMES_g366.edges,7,33
867,8.0,0,0.138461538462,45,0.676296296296,26,ENZYMES_g550.edges,3,23
868,4.0,0,0.201581027668,51,0.483467896963,23,ENZYMES_g214.edges,2,19
869,2.4,1,0.209150326797,32,0.57568359375,18,ENZYMES_g96.edges,4,14
870,2.0,0,0.11746031746,74,0.573228634039,36,ENZYMES_g226.edges,1,35
871,8.0,0,0.078231292517,92,0.616020793951,49,ENZYMES_g540.edges,3,40
872,1.6,1,0.0937198067633,97,0.631894994155,46,ENZYMES_g45.edges,4,41
873,1.2,1,0.285714285714,26,0.456360946746,14,ENZYMES_g165.edges,3,11
874,3.2,1,0.120967741935,60,0.665138888889,32,ENZYMES_g252.edges,5,27
875,5.76,2,0.112375533428,79,0.589649094696,38,ENZYMES_g413.edges,8,28
876,2.0,0,0.0559440559441,120,0.659618055556,66,ENZYMES_g504.edges,1,65
877,3.2,1,0.444444444444,20,0.28,10,ENZYMES_g373.edges,5,5
878,1.0,0,0.0698039215686,89,0.622396162101,51,ENZYMES_g312.edges,0,51
879,2.0,0,0.163333333333,49,0.543315285298,25,ENZYMES_g421.edges,1,24
880,1.0,0,0.241666666667,29,0.547562425684,16,ENZYMES_g257.edges,0,16
881,1.0,0,0.0874811463047,116,0.646923305589,52,ENZYMES_g597.edges,0,52
882,1.0,0,0.0181935483871,141,0.765806548966,125,ENZYMES_g296.edges,0,125
883,1.6,1,0.194736842105,37,0.582907231556,20,ENZYMES_g323.edges,4,16
884,1.0,0,0.0270996640538,121,0.722115975685,95,ENZYMES_g118.edges,0,95
885,6.0,0,0.378787878788,25,0.3128,12,ENZYMES_g159.edges,2,10
886,8.0,0,0.377777777778,17,0.262975778547,10,ENZYMES_g369.edges,3,7
887,2.0,0,0.0869565217391,90,0.619320987654,46,ENZYMES_g117.edges,1,44
888,1.0,0,0.0702040816327,86,0.580651703624,50,ENZYMES_g196.edges,0,50
889,1.6,1,0.106685633001,75,0.699822222222,38,ENZYMES_g580.edges,4,34
890,2.56,2,0.0691823899371,99,0.659779614325,54,ENZYMES_g294.edges,8,42
891,4.0,0,0.112299465241,63,0.649533887629,34,ENZYMES_g221.edges,2,32
892,2.4,1,0.130124777184,73,0.605554513042,34,ENZYMES_g269.edges,4,30
893,2.0,0,0.236842105263,45,0.436296296296,20,ENZYMES_g464.edges,1,19
894,4.0,0,0.109175377468,94,0.550928021729,42,ENZYMES_g183.edges,2,29
895,1.0,0,0.130681818182,69,0.610270951481,33,ENZYMES_g81.edges,0,33
896,4.0,0,0.0807692307692,63,0.619047619048,40,ENZYMES_g158.edges,2,38
897,1.0,0,0.124777183601,70,0.572346938776,34,ENZYMES_g234.edges,0,34
898,4.0,0,0.198830409357,34,0.575692041522,19,ENZYMES_g565.edges,2,17
899,2.0,0,0.233333333333,28,0.474489795918,16,ENZYMES_g387.edges,1,15
900,1.0,0,0.0859728506787,114,0.658548784241,52,ENZYMES_g594.edges,0,52
901,4.0,0,0.0868794326241,98,0.680341524365,48,ENZYMES_g174.edges,2,46
902,4.0,0,0.104529616725,90,0.682283950617,42,ENZYMES_g21.edges,2,40
903,2.0,0,0.362637362637,33,0.317722681359,14,ENZYMES_g566.edges,1,13
904,2.0,0,0.107317073171,88,0.559659090909,41,ENZYMES_g509.edges,1,33
905,4.0,0,0.104651162791,99,0.561830425467,44,ENZYMES_g534.edges,2,40
906,1.0,0,0.111538461538,87,0.647707755318,40,ENZYMES_g73.edges,0,40
907,1.6,1,0.0702040816327,86,0.669415900487,50,ENZYMES_g282.edges,4,45
908,1.28,2,0.0948717948718,74,0.653122717312,40,ENZYMES_g564.edges,7,29
909,4.0,0,0.333333333333,22,0.318181818182,12,ENZYMES_g376.edges,2,10
910,1.0,0,0.110336817654,95,0.589307479224,42,ENZYMES_g189.edges,0,42
911,1.2,1,0.333333333333,22,0.445247933884,12,ENZYMES_g329.edges,3,9
912,1.0,0,0.135472370766,76,0.563105955679,34,ENZYMES_g228.edges,0,34
913,1.6,1,0.222222222222,34,0.423442906574,18,ENZYMES_g456.edges,4,14
914,4.0,0,0.189473684211,36,0.599151234568,20,ENZYMES_g75.edges,2,18
915,3.2,1,0.0789007092199,89,0.669296805959,48,ENZYMES_g392.edges,5,40
916,8.0,0,0.241830065359,37,0.462016070124,18,ENZYMES_g56.edges,3,15
917,8.0,0,0.106765327696,101,0.61587099304,44,ENZYMES_g542.edges,2,41
918,1.0,0,0.228571428571,48,0.478515625,21,ENZYMES_g508.edges,0,21
919,4.0,0,0.142857142857,54,0.562242798354,28,ENZYMES_g429.edges,2,26
920,4.0,0,0.17,51,0.502883506344,25,ENZYMES_g402.edges,2,23
921,2.0,0,0.245614035088,42,0.336734693878,19,ENZYMES_g354.edges,1,18
922,8.0,0,0.181818181818,42,0.450396825397,22,ENZYMES_g161.edges,3,14
923,4.0,0,0.105128205128,82,0.64009518144,40,ENZYMES_g531.edges,2,21
924,2.0,0,0.109756097561,90,0.67537037037,41,ENZYMES_g22.edges,1,40
925,2.0,0,0.156923076923,51,0.52921953095,26,ENZYMES_g451.edges,1,25
926,1.6,1,0.0882694541231,76,0.729743767313,42,ENZYMES_g246.edges,4,38
927,3.2,1,0.363636363636,24,0.319444444444,12,ENZYMES_g370.edges,5,6
928,1.6,1,0.214285714286,45,0.492592592593,21,ENZYMES_g584.edges,4,17
929,1.6,1,0.2,38,0.5,20,ENZYMES_g423.edges,4,15
930,2.37420724181,3804,3.13760068679e-07,7013978,0.997711350206,6686493,inf-italy-osm.mtx,12490,6658043
931,1.0,0,2.86100248558e-06,6291408,0.980267904713,2097152,delaunay_n21.mtx,0,2097152
932,6.96503009459,1812,1.49227144707e-06,1549970,0.993807478775,1441295,belgium_osm.mtx,5986,1428034
